{"v":"5.7.1","fr":29.9700012207031,"ip":0,"op":60.0000024438501,"w":1920,"h":1080,"nm":"Composition 1","ddd":0,"assets":[],"layers":[{"ddd":0,"ind":1,"ty":4,"nm":"User","sr":1,"ks":{"o":{"a":0,"k":100,"ix":11},"r":{"a":0,"k":0,"ix":10},"p":{"a":0,"k":[960,540,0],"ix":2},"a":{"a":0,"k":[500,500,0],"ix":1},"s":{"a":0,"k":[100,100,100],"ix":6}},"ao":0,"shapes":[{"ty":"gr","it":[{"ind":0,"ty":"sh","ix":1,"ks":{"a":0,"k":{"i":[[0,0],[0,0],[39.302,9.589],[0,0],[0,0],[-8.424,66.489],[41.239,14.876],[42.62,-3.117],[0,0],[0,0],[-7.17,-56.586],[0,0],[0,0],[39.303,-9.59],[0,0],[0,0]],"o":[[0,0],[0,0],[-39.302,-9.59],[0,0],[0,0],[7.17,-56.586],[0,0],[0,0],[-38.27,-3.839],[-41.24,14.876],[8.425,66.489],[0,0],[0,0],[-39.302,9.589],[0,0],[0,0]],"v":[[210.006,189.564],[210.006,182.099],[161.452,139.664],[46.459,104.1],[46.459,65.669],[99.402,-24.36],[65.438,-180.581],[4.475,-185.797],[-10.082,-185.726],[-65.437,-180.581],[-99.402,-24.36],[-46.458,65.668],[-46.458,104.099],[-161.452,139.664],[-210.006,182.097],[-210.006,189.564]],"c":false},"ix":2},"nm":"TracÃÂ© 1","mn":"ADBE Vector Shape - Group","hd":false},{"ty":"st","c":{"a":0,"k":[0.2980392156862745,0.49019607843137253,0.8392156862745098,1],"ix":3},"o":{"a":0,"k":100,"ix":4},"w":{"a":0,"k":13.759,"ix":5},"lc":2,"lj":2,"bm":0,"nm":"Contour 1","mn":"ADBE Vector Graphic - Stroke","hd":false},{"ty":"tr","p":{"a":0,"k":[515.92,515.173],"ix":2},"a":{"a":0,"k":[0,0],"ix":1},"s":{"a":0,"k":[100,100],"ix":3},"r":{"a":0,"k":0,"ix":6},"o":{"a":0,"k":100,"ix":7},"sk":{"a":0,"k":0,"ix":4},"sa":{"a":0,"k":0,"ix":5},"nm":"Transformer "}],"nm":"Groupe 1","np":2,"cix":2,"bm":0,"ix":1,"mn":"ADBE Vector Group","hd":false}],"ip":0,"op":60.0000024438501,"st":0,"bm":0},{"ddd":0,"ind":2,"ty":4,"nm":"User_Shadow","sr":1,"ks":{"o":{"a":0,"k":100,"ix":11},"r":{"a":0,"k":0,"ix":10},"p":{"a":0,"k":[960,540,0],"ix":2},"a":{"a":0,"k":[500,500,0],"ix":1},"s":{"a":0,"k":[100,100,100],"ix":6}},"ao":0,"shapes":[{"ty":"gr","it":[{"ind":0,"ty":"sh","ix":1,"ks":{"a":1,"k":[{"i":{"x":0.667,"y":1},"o":{"x":0.333,"y":0},"t":2,"s":[{"i":[[43.091,18.165],[-3.701,-10.342],[41.117,-80.754],[-1.803,52.7]],"o":[[0,0],[11.697,32.686],[0,0],[1.802,-52.701]],"v":[[-6.803,-122.447],[-32.327,-119.74],[-30.349,123.947],[29.047,21.032]],"c":true}]},{"t":19.0000007738859,"s":[{"i":[[43.091,18.165],[-4.617,-15.342],[50.224,-73.139],[-0.968,52.7]],"o":[[0,0],[11.998,44.698],[0,0],[0.63,-62.85]],"v":[[-18.803,-122.947],[-5.721,-102.665],[-30.849,122.947],[29.047,21.032]],"c":true}]}],"ix":2},"nm":"TracÃÂ© 1","mn":"ADBE Vector Shape - Group","hd":false},{"ty":"fl","c":{"a":0,"k":[0.901960790157,0.909803926945,0.92549020052,1],"ix":4},"o":{"a":0,"k":100,"ix":5},"r":1,"bm":0,"nm":"Fond 1","mn":"ADBE Vector Graphic - Fill","hd":false},{"ty":"tr","p":{"a":0,"k":[587.88,455.304],"ix":2},"a":{"a":0,"k":[0,0],"ix":1},"s":{"a":0,"k":[100,100],"ix":3},"r":{"a":0,"k":0,"ix":6},"o":{"a":0,"k":100,"ix":7},"sk":{"a":0,"k":0,"ix":4},"sa":{"a":0,"k":0,"ix":5},"nm":"Transformer "}],"nm":"Groupe 1","np":2,"cix":2,"bm":0,"ix":1,"mn":"ADBE Vector Group","hd":false}],"ip":0,"op":60.0000024438501,"st":0,"bm":0},{"ddd":0,"ind":3,"ty":4,"nm":"Circle","sr":1,"ks":{"o":{"a":0,"k":100,"ix":11},"r":{"a":0,"k":0,"ix":10},"p":{"a":0,"k":[960,540,0],"ix":2},"a":{"a":0,"k":[500,500,0],"ix":1},"s":{"a":0,"k":[100,100,100],"ix":6}},"ao":0,"shapes":[{"ty":"gr","it":[{"ind":0,"ty":"sh","ix":1,"ks":{"a":0,"k":{"i":[[44.431,0],[40.589,-17.168],[30.225,-30.226],[16.58,-39.199],[0,-44.431],[-17.168,-40.59],[-30.226,-30.226],[-39.198,-16.58],[-44.431,0],[-40.59,17.168],[-30.226,30.225],[-16.58,39.198],[0,44.43],[17.168,40.589],[30.226,30.225],[39.198,16.579]],"o":[[-44.431,0],[-39.198,16.579],[-30.226,30.225],[-17.168,40.589],[0,44.43],[16.58,39.198],[30.225,30.225],[40.589,17.168],[44.431,0],[39.198,-16.58],[30.226,-30.226],[17.168,-40.59],[0,-44.431],[-16.58,-39.199],[-30.226,-30.226],[-40.59,-17.168]],"v":[[0,-329.163],[-128.129,-303.289],[-232.753,-232.752],[-303.29,-128.128],[-329.163,0.001],[-303.29,128.129],[-232.753,232.754],[-128.129,303.29],[0,329.163],[128.129,303.29],[232.754,232.754],[303.29,128.129],[329.162,0.001],[303.29,-128.128],[232.754,-232.752],[128.129,-303.289]],"c":true},"ix":2},"nm":"TracÃÂ© 1","mn":"ADBE Vector Shape - Group","hd":false},{"ind":1,"ty":"sh","ix":2,"ks":{"a":0,"k":{"i":[[-174.192,0],[0,-174.193],[174.192,0],[0,174.192]],"o":[[174.192,0],[0,174.192],[-174.192,0],[0,-174.193]],"v":[[0,-315.403],[315.404,0.001],[0,315.403],[-315.404,0.001]],"c":true},"ix":2},"nm":"TracÃÂ© 2","mn":"ADBE Vector Shape - Group","hd":false},{"ty":"mm","mm":1,"nm":"Fusionner les tracÃÂ©s 1","mn":"ADBE Vector Filter - Merge","hd":false},{"ty":"fl","c":{"a":0,"k":[0.2980392156862745,0.49019607843137253,0.8392156862745098,1],"ix":4},"o":{"a":0,"k":100,"ix":5},"r":1,"bm":0,"nm":"Fond 1","mn":"ADBE Vector Graphic - Fill","hd":false},{"ty":"tr","p":{"a":0,"k":[515.171,461.428],"ix":2},"a":{"a":0,"k":[0,0],"ix":1},"s":{"a":0,"k":[100,100],"ix":3},"r":{"a":0,"k":0,"ix":6},"o":{"a":0,"k":100,"ix":7},"sk":{"a":0,"k":0,"ix":4},"sa":{"a":0,"k":0,"ix":5},"nm":"Transformer "}],"nm":"Groupe 1","np":4,"cix":2,"bm":0,"ix":1,"mn":"ADBE Vector Group","hd":false}],"ip":0,"op":60.0000024438501,"st":0,"bm":0},{"ddd":0,"ind":4,"ty":4,"nm":"Light","sr":1,"ks":{"o":{"a":0,"k":100,"ix":11},"r":{"a":0,"k":0,"ix":10},"p":{"a":0,"k":[960,540,0],"ix":2},"a":{"a":0,"k":[500,500,0],"ix":1},"s":{"a":0,"k":[100,100,100],"ix":6}},"ao":0,"shapes":[{"ty":"gr","it":[{"ind":0,"ty":"sh","ix":1,"ks":{"a":0,"k":{"i":[[0,0],[-15.776,-18.209]],"o":[[0,0],[0,0]],"v":[[-15.58,-9.486],[15.579,9.486]],"c":false},"ix":2},"nm":"TracÃÂ© 1","mn":"ADBE Vector Shape - Group","hd":false},{"ty":"st","c":{"a":0,"k":[0.2980392156862745,0.49019607843137253,0.8392156862745098,1],"ix":3},"o":{"a":0,"k":100,"ix":4},"w":{"a":0,"k":13.759,"ix":5},"lc":2,"lj":2,"bm":0,"nm":"Contour 1","mn":"ADBE Vector Graphic - Stroke","hd":false},{"ty":"tr","p":{"a":0,"k":[582.594,299.021],"ix":2},"a":{"a":0,"k":[0,0],"ix":1},"s":{"a":0,"k":[100,100],"ix":3},"r":{"a":0,"k":0,"ix":6},"o":{"a":0,"k":100,"ix":7},"sk":{"a":0,"k":0,"ix":4},"sa":{"a":0,"k":0,"ix":5},"nm":"Transformer "}],"nm":"Groupe 1","np":2,"cix":2,"bm":0,"ix":1,"mn":"ADBE Vector Group","hd":false}],"ip":0,"op":60.0000024438501,"st":0,"bm":0},{"ddd":0,"ind":5,"ty":4,"nm":"Hair","sr":1,"ks":{"o":{"a":0,"k":100,"ix":11},"r":{"a":0,"k":0,"ix":10},"p":{"a":0,"k":[960,540,0],"ix":2},"a":{"a":0,"k":[500,500,0],"ix":1},"s":{"a":0,"k":[100,100,100],"ix":6}},"ao":0,"shapes":[{"ty":"gr","it":[{"ind":0,"ty":"sh","ix":1,"ks":{"a":0,"k":{"i":[[0,0],[43.792,45.565],[1.43,1.633],[41.17,7.327],[35.508,-20.008],[7.658,-14.622],[-17.888,-72.702]],"o":[[0,0],[-1.499,-1.561],[-5.04,-5.757],[-49.863,-8.874],[-35.437,19.968],[-7.658,14.621],[0,0]],"v":[[123.192,102.374],[94.89,-51.239],[90.464,-55.985],[26.21,-86.221],[-54.445,-82.366],[-107.449,-44.233],[-120.793,100.828]],"c":false},"ix":2},"nm":"TracÃÂ© 1","mn":"ADBE Vector Shape - Group","hd":false},{"ty":"st","c":{"a":0,"k":[0.2980392156862745,0.49019607843137253,0.8392156862745098,1],"ix":3},"o":{"a":0,"k":100,"ix":4},"w":{"a":0,"k":14.17,"ix":5},"lc":2,"lj":2,"bm":0,"nm":"Contour 1","mn":"ADBE Vector Graphic - Stroke","hd":false},{"ty":"tr","p":{"a":0,"k":[516.403,339.173],"ix":2},"a":{"a":0,"k":[0,0],"ix":1},"s":{"a":0,"k":[100,100],"ix":3},"r":{"a":0,"k":0,"ix":6},"o":{"a":0,"k":100,"ix":7},"sk":{"a":0,"k":0,"ix":4},"sa":{"a":0,"k":0,"ix":5},"nm":"Transformer "}],"nm":"Groupe 1","np":2,"cix":2,"bm":0,"ix":1,"mn":"ADBE Vector Group","hd":false}],"ip":0,"op":60.0000024438501,"st":0,"bm":0},{"ddd":0,"ind":6,"ty":4,"nm":"Ear_R","sr":1,"ks":{"o":{"a":0,"k":100,"ix":11},"r":{"a":0,"k":0,"ix":10},"p":{"a":0,"k":[960,540,0],"ix":2},"a":{"a":0,"k":[500,500,0],"ix":1},"s":{"a":0,"k":[100,100,100],"ix":6}},"ao":0,"shapes":[{"ty":"gr","it":[{"ind":0,"ty":"sh","ix":1,"ks":{"a":0,"k":{"i":[[0,0],[6.116,40.217],[7.383,-2.209]],"o":[[0,0],[-2.509,-16.496],[0,0]],"v":[[-18.663,33.59],[12.547,-17.094],[-11.308,-25.805]],"c":false},"ix":2},"nm":"TracÃÂ© 1","mn":"ADBE Vector Shape - Group","hd":false},{"ty":"st","c":{"a":0,"k":[0.2980392156862745,0.49019607843137253,0.8392156862745098,1],"ix":3},"o":{"a":0,"k":100,"ix":4},"w":{"a":0,"k":13.759,"ix":5},"lc":2,"lj":2,"bm":0,"nm":"Contour 1","mn":"ADBE Vector Graphic - Stroke","hd":false},{"ty":"tr","p":{"a":0,"k":[632.956,469.414],"ix":2},"a":{"a":0,"k":[0,0],"ix":1},"s":{"a":0,"k":[100,100],"ix":3},"r":{"a":0,"k":0,"ix":6},"o":{"a":0,"k":100,"ix":7},"sk":{"a":0,"k":0,"ix":4},"sa":{"a":0,"k":0,"ix":5},"nm":"Transformer "}],"nm":"Groupe 1","np":2,"cix":2,"bm":0,"ix":1,"mn":"ADBE Vector Group","hd":false}],"ip":0,"op":60.0000024438501,"st":0,"bm":0},{"ddd":0,"ind":7,"ty":4,"nm":"Ear_L","sr":1,"ks":{"o":{"a":0,"k":100,"ix":11},"r":{"a":0,"k":0,"ix":10},"p":{"a":0,"k":[960,540,0],"ix":2},"a":{"a":0,"k":[500,500,0],"ix":1},"s":{"a":0,"k":[100,100,100],"ix":6}},"ao":0,"shapes":[{"ty":"gr","it":[{"ind":0,"ty":"sh","ix":1,"ks":{"a":0,"k":{"i":[[0,0],[-6.116,40.217],[-7.383,-2.209]],"o":[[0,0],[2.508,-16.496],[0,0]],"v":[[18.663,33.59],[-12.547,-17.094],[11.307,-25.805]],"c":false},"ix":2},"nm":"TracÃÂ© 1","mn":"ADBE Vector Shape - Group","hd":false},{"ty":"st","c":{"a":0,"k":[0.2980392156862745,0.49019607843137253,0.8392156862745098,1],"ix":3},"o":{"a":0,"k":100,"ix":4},"w":{"a":0,"k":13.759,"ix":5},"lc":2,"lj":2,"bm":0,"nm":"Contour 1","mn":"ADBE Vector Graphic - Stroke","hd":false},{"ty":"tr","p":{"a":0,"k":[398.817,469.414],"ix":2},"a":{"a":0,"k":[0,0],"ix":1},"s":{"a":0,"k":[100,100],"ix":3},"r":{"a":0,"k":0,"ix":6},"o":{"a":0,"k":100,"ix":7},"sk":{"a":0,"k":0,"ix":4},"sa":{"a":0,"k":0,"ix":5},"nm":"Transformer "}],"nm":"Groupe 1","np":2,"cix":2,"bm":0,"ix":1,"mn":"ADBE Vector Group","hd":false}],"ip":0,"op":60.0000024438501,"st":0,"bm":0},{"ddd":0,"ind":8,"ty":4,"nm":"User_Background","sr":1,"ks":{"o":{"a":0,"k":100,"ix":11},"r":{"a":0,"k":0,"ix":10},"p":{"a":0,"k":[960,540,0],"ix":2},"a":{"a":0,"k":[500,500,0],"ix":1},"s":{"a":0,"k":[100,100,100],"ix":6}},"ao":0,"shapes":[{"ty":"gr","it":[{"ind":0,"ty":"sh","ix":1,"ks":{"a":0,"k":{"i":[[39.303,9.59],[0,0],[0,0],[-12.046,56.715],[0,0],[0,0],[0,0],[0,0],[39.861,41.475],[1.429,1.632],[41.17,7.326],[35.508,-20.007],[7.658,-14.621],[-16.95,-71.733],[0,0],[0,0],[0,0],[0,0],[0,0],[39.302,-9.59],[0,0],[0,0],[0,0],[0,0],[0,0],[0,0],[0,0],[0,0]],"o":[[-39.302,-9.59],[0,0],[0,0],[0,0],[0,0],[0,0],[0,0],[1.982,-16.408],[-1.5,-1.56],[-5.04,-5.758],[-49.863,-8.874],[-35.437,19.968],[-7.585,14.483],[0,0],[0,0],[0,0],[12.195,56.24],[0,0],[0,0],[-39.302,9.59],[0,0],[0,0],[0,0],[0,0],[0,0],[0,0],[0,0],[0,0]],"v":[[161.451,139.914],[46.459,104.351],[46.459,65.919],[97.233,-11.282],[113.211,-14.923],[126.094,-33.568],[131.009,-56.301],[124.262,-67.816],[95.638,-218.927],[91.213,-223.672],[26.959,-253.908],[-53.698,-250.054],[-106.702,-211.921],[-120.533,-68.911],[-126.116,-59.267],[-126.116,-31.838],[-97.098,-10.658],[-46.459,65.919],[-46.459,104.351],[-161.452,139.914],[-210.006,182.349],[-210.006,189.814],[-142.172,237.814],[-26.528,270.061],[61.318,265.858],[134.709,243.931],[210.006,189.814],[210.006,182.349]],"c":true},"ix":2},"nm":"TracÃÂ© 1","mn":"ADBE Vector Shape - Group","hd":false},{"ty":"fl","c":{"a":0,"k":[1,1,1,1],"ix":4},"o":{"a":0,"k":100,"ix":5},"r":1,"bm":0,"nm":"Fond 1","mn":"ADBE Vector Graphic - Fill","hd":false},{"ty":"tr","p":{"a":0,"k":[515.172,514.923],"ix":2},"a":{"a":0,"k":[0,0],"ix":1},"s":{"a":0,"k":[100,100],"ix":3},"r":{"a":0,"k":0,"ix":6},"o":{"a":0,"k":100,"ix":7},"sk":{"a":0,"k":0,"ix":4},"sa":{"a":0,"k":0,"ix":5},"nm":"Transformer "}],"nm":"Groupe 1","np":2,"cix":2,"bm":0,"ix":1,"mn":"ADBE Vector Group","hd":false}],"ip":0,"op":60.0000024438501,"st":0,"bm":0},{"ddd":0,"ind":9,"ty":4,"nm":"Background","sr":0.7,"ks":{"o":{"a":1,"k":[{"i":{"x":[0],"y":[0.681]},"o":{"x":[0.333],"y":[0]},"t":54,"s":[98.294]},{"t":59.9996274438348,"s":[0]}],"ix":11},"r":{"a":0,"k":0,"ix":10},"p":{"a":1,"k":[{"i":{"x":0.667,"y":1},"o":{"x":0.333,"y":0},"t":0,"s":[478,653,0],"to":[80.333,-18.833,0],"ti":[-80.333,18.833,0]},{"t":18.9000007698128,"s":[960,540,0]}],"ix":2},"a":{"a":0,"k":[500,500,0],"ix":1},"s":{"a":1,"k":[{"i":{"x":[0.667,0.667,0.667],"y":[1,1,1]},"o":{"x":[0.333,0.333,0.333],"y":[0,0,0]},"t":0,"s":[53.104,53.104,100]},{"t":18.9000007698128,"s":[100,100,100]}],"ix":6}},"ao":0,"hasMask":true,"masksProperties":[{"inv":false,"mode":"a","pt":{"a":1,"k":[{"i":{"x":0.833,"y":0.833},"o":{"x":0.167,"y":0.167},"t":0,"s":[{"i":[[336.961,0],[0,-336.961],[-336.961,0],[0,336.962]],"o":[[-336.961,0],[0,336.962],[336.961,0],[0,-336.961]],"v":[[1434.465,-391.626],[824.345,218.496],[1434.465,828.619],[2044.588,218.496]],"c":true}]},{"i":{"x":0.833,"y":0.833},"o":{"x":0.167,"y":0.167},"t":2.1,"s":[{"i":[[329.078,0],[0,-329.079],[-329.079,0],[0,329.079]],"o":[[-329.078,0],[0,329.079],[329.078,0],[0,-329.078]],"v":[[1387.862,-361.129],[792.014,234.72],[1387.862,830.569],[1983.711,234.72]],"c":true}]},{"i":{"x":0.833,"y":0.833},"o":{"x":0.167,"y":0.167},"t":4.2,"s":[{"i":[[321.195,0],[0,-321.196],[-321.196,0],[0,321.195]],"o":[[-321.195,0],[0,321.196],[321.196,0],[0,-321.195]],"v":[[1275.46,-330.633],[693.886,250.943],[1275.46,832.519],[1857.036,250.943]],"c":true}]},{"i":{"x":0.833,"y":0.833},"o":{"x":0.167,"y":0.167},"t":7,"s":[{"i":[[268.427,0],[0,-268.427],[-268.427,0],[0,268.427]],"o":[[-268.427,0],[0,268.427],[268.427,0],[0,-268.427]],"v":[[1024.675,-165.044],[538.647,320.985],[1024.675,807.015],[1510.704,320.985]],"c":true}]},{"i":{"x":0.833,"y":0.833},"o":{"x":0.167,"y":0.167},"t":9.8,"s":[{"i":[[227.712,0],[0,-227.712],[-227.712,0],[0,227.712]],"o":[[-227.712,0],[0,227.712],[227.712,0],[0,-227.712]],"v":[[812.234,-32.23],[399.926,380.08],[812.234,792.389],[1224.544,380.08]],"c":true}]},{"i":{"x":0.833,"y":0.833},"o":{"x":0.167,"y":0.167},"t":13.3,"s":[{"i":[[195.264,0],[0,-195.264],[-195.264,0],[0,195.264]],"o":[[-195.264,0],[0,195.264],[195.264,0],[0,-195.264]],"v":[[626.939,74.332],[273.384,427.889],[626.939,781.446],[980.497,427.889]],"c":true}]},{"i":{"x":0.833,"y":0.833},"o":{"x":0.167,"y":0.167},"t":15,"s":[{"i":[[193.865,0],[0,-193.865],[-193.865,0],[0,193.865]],"o":[[-193.865,0],[0,193.865],[193.865,0],[0,-193.865]],"v":[[583.924,99.05],[232.902,450.073],[583.924,801.096],[934.947,450.073]],"c":true}]},{"t":17.5000007127896,"s":[{"i":[[191.807,0],[0,-191.807],[-191.807,0],[0,191.807]],"o":[[-191.807,0],[0,191.807],[191.807,0],[0,-191.807]],"v":[[544.118,101.532],[196.822,448.828],[544.118,796.125],[891.415,448.828]],"c":true}]}],"ix":1},"o":{"a":0,"k":100,"ix":3},"x":{"a":0,"k":0,"ix":4},"nm":"Masque 1"}],"shapes":[{"ty":"gr","it":[{"ind":0,"ty":"sh","ix":1,"ks":{"a":0,"k":{"i":[[0,-174.192],[174.192,0],[0,174.192],[-174.193,0]],"o":[[0,174.192],[-174.193,0],[0,-174.192],[174.192,0]],"v":[[315.404,0],[0,315.403],[-315.404,0],[0,-315.403]],"c":true},"ix":2},"nm":"TracÃÂ© 1","mn":"ADBE Vector Shape - Group","hd":false},{"ty":"fl","c":{"a":0,"k":[0.901960790157,0.909803926945,0.92549020052,1],"ix":4},"o":{"a":0,"k":100,"ix":5},"r":1,"bm":0,"nm":"Fond 1","mn":"ADBE Vector Graphic - Fill","hd":false},{"ty":"tr","p":{"a":0,"k":[515.172,461.428],"ix":2},"a":{"a":0,"k":[0,0],"ix":1},"s":{"a":0,"k":[100,100],"ix":3},"r":{"a":0,"k":0,"ix":6},"o":{"a":0,"k":100,"ix":7},"sk":{"a":0,"k":0,"ix":4},"sa":{"a":0,"k":0,"ix":5},"nm":"Transformer "}],"nm":"Groupe 1","np":2,"cix":2,"bm":0,"ix":1,"mn":"ADBE Vector Group","hd":false}],"ip":0,"op":60.0000024438501,"st":0,"bm":0}],"markers":[]}